date,store_id,fuel_price_at_moment,transport_cost,delivery_status
2025-01-01,1,56.03,635.15,Delivered
2025-01-01,2,56.03,514.3,Delivered
2025-01-01,3,56.03,949.73,Delivered
2025-01-01,4,56.03,601.86,Delivered
2025-01-01,5,56.03,950.9,Delivered
2025-01-02,1,56.35,379.32,Delivered
2025-01-02,2,56.35,471.14,Delivered
2025-01-02,3,56.35,706.11,Delivered
2025-01-02,4,56.35,628.4,Delivered
2025-01-02,5,56.35,1230.07,Delivered
2025-01-03,1,56.35,699.96,Delivered
2025-01-03,2,56.35,784.45,Delivered
2025-01-03,3,56.35,955.94,Delivered
2025-01-03,4,56.35,724.55,Delivered
2025-01-03,5,56.35,1517.22,Delivered
2025-01-04,1,57.09,304.0,Delivered
2025-01-04,2,57.09,1587.09,Delivered
2025-01-04,3,57.09,622.73,Delivered
2025-01-04,4,57.09,1109.37,Delivered
2025-01-04,5,57.09,1313.9,Delivered
2025-01-05,1,56.87,877.62,Delivered
2025-01-05,2,56.87,1397.11,Delivered
2025-01-05,3,56.87,1622.08,Delivered
2025-01-05,4,56.87,383.59,Delivered
2025-01-05,5,56.87,632.05,Delivered
2025-01-06,1,57.43,404.43,Delivered
2025-01-06,2,57.43,467.72,Delivered
2025-01-06,3,57.43,647.66,Delivered
2025-01-06,4,57.43,1150.58,Delivered
2025-01-06,5,57.43,375.29,Delivered
2025-01-07,1,57.88,480.82,Delivered
2025-01-07,2,57.88,1139.19,Delivered
2025-01-07,3,57.88,704.95,Delivered
2025-01-07,4,57.88,473.0,Delivered
2025-01-07,5,57.88,1252.61,Delivered
2025-01-08,1,57.92,1704.62,Delivered
2025-01-08,2,57.92,1581.85,Delivered
2025-01-08,3,57.92,1141.46,Delivered
2025-01-08,4,57.92,1213.8,Delivered
2025-01-08,5,57.92,1488.41,Delivered
2025-01-09,1,57.23,1494.52,Delivered
2025-01-09,2,57.23,477.09,Delivered
2025-01-09,3,57.23,885.14,Delivered
2025-01-09,4,57.23,668.07,Delivered
2025-01-09,5,57.23,381.71,Delivered
2025-01-10,1,56.79,1465.03,Delivered
2025-01-10,2,56.79,906.32,Delivered
2025-01-10,3,56.79,411.71,Delivered
2025-01-10,4,56.79,711.4,Delivered
2025-01-10,5,56.79,896.99,Delivered
2025-01-11,1,57.46,1552.43,Delivered
2025-01-11,2,57.46,291.83,Delivered
2025-01-11,3,57.46,919.45,Delivered
2025-01-11,4,57.46,663.8,Delivered
2025-01-11,5,57.46,628.77,Delivered
2025-01-12,1,56.97,811.75,Delivered
2025-01-12,2,56.97,1342.84,Delivered
2025-01-12,3,56.97,840.06,Delivered
2025-01-12,4,56.97,1438.7,Delivered
2025-01-12,5,56.97,1049.19,Delivered
2025-01-13,1,56.88,1215.7,Delivered
2025-01-13,2,56.88,999.12,Delivered
2025-01-13,3,56.88,1282.74,Delivered
2025-01-13,4,56.88,1682.8,Delivered
2025-01-13,5,56.88,959.48,Delivered
2025-01-14,1,57.58,688.85,Delivered
2025-01-14,2,57.58,1681.54,Delivered
2025-01-14,3,57.58,1403.94,Delivered
2025-01-14,4,57.58,400.59,Delivered
2025-01-14,5,57.58,1722.9,Delivered
2025-01-15,1,57.86,327.28,Delivered
2025-01-15,2,57.86,483.93,Delivered
2025-01-15,3,57.86,1428.1,Delivered
2025-01-15,4,57.86,592.77,Delivered
2025-01-15,5,57.86,1463.2,Delivered
2025-01-16,1,57.85,380.13,Delivered
2025-01-16,2,57.85,438.9,Delivered
2025-01-16,3,57.85,1304.28,Delivered
2025-01-16,4,57.85,382.45,Delivered
2025-01-16,5,57.85,1447.61,Delivered
2025-01-17,1,56.76,517.24,Delivered
2025-01-17,2,56.76,1535.69,Delivered
2025-01-17,3,56.76,1213.57,Delivered
2025-01-17,4,56.76,632.02,Delivered
2025-01-17,5,56.76,553.95,Delivered
2025-01-18,1,56.9,1435.76,Delivered
2025-01-18,2,56.9,493.23,Delivered
2025-01-18,3,56.9,1084.21,Delivered
2025-01-18,4,56.9,774.84,Delivered
2025-01-18,5,56.9,545.64,Delivered
2025-01-19,1,56.75,701.94,Delivered
2025-01-19,2,56.75,476.44,Delivered
2025-01-19,3,56.75,1613.09,Delivered
2025-01-19,4,56.75,790.08,Delivered
2025-01-19,5,56.75,1072.53,Delivered
2025-01-20,1,57.21,586.7,Delivered
2025-01-20,2,57.21,747.81,Delivered
2025-01-20,3,57.21,1552.42,Delivered
2025-01-20,4,57.21,372.43,Delivered
2025-01-20,5,57.21,379.76,Delivered
2025-01-21,1,57.44,1451.57,Delivered
2025-01-21,2,57.44,485.64,Delivered
2025-01-21,3,57.44,1013.98,Delivered
2025-01-21,4,57.44,776.77,Delivered
2025-01-21,5,57.44,685.85,Delivered
2025-01-22,1,57.91,594.23,Delivered
2025-01-22,2,57.91,1088.72,Delivered
2025-01-22,3,57.91,361.32,Delivered
2025-01-22,4,57.91,405.92,Delivered
2025-01-22,5,57.91,1300.76,Delivered
2025-01-23,1,56.19,581.73,Delivered
2025-01-23,2,56.19,1240.73,Delivered
2025-01-23,3,56.19,639.74,Delivered
2025-01-23,4,56.19,1666.59,Delivered
2025-01-23,5,56.19,1299.51,Delivered
2025-01-24,1,56.12,642.91,Delivered
2025-01-24,2,56.12,1545.21,Delivered
2025-01-24,3,56.12,1483.42,Delivered
2025-01-24,4,56.12,768.81,Delivered
2025-01-24,5,56.12,1616.04,Delivered
2025-01-25,1,55.76,1170.56,Delivered
2025-01-25,2,55.76,660.78,Delivered
2025-01-25,3,55.76,309.78,Delivered
2025-01-25,4,55.76,637.42,Delivered
2025-01-25,5,55.76,350.42,Delivered
2025-01-26,1,56.11,505.72,Delivered
2025-01-26,2,56.11,1663.37,Delivered
2025-01-26,3,56.11,1569.67,Delivered
2025-01-26,4,56.11,549.2,Delivered
2025-01-26,5,56.11,942.27,Delivered
2025-01-27,1,56.33,706.86,Delivered
2025-01-27,2,56.33,425.44,Delivered
2025-01-27,3,56.33,911.09,Delivered
2025-01-27,4,56.33,610.31,Delivered
2025-01-27,5,56.33,282.62,Delivered
2025-01-28,1,55.78,1644.73,Delivered
2025-01-28,2,55.78,926.71,Delivered
2025-01-28,3,55.78,1341.14,Delivered
2025-01-28,4,55.78,961.72,Delivered
2025-01-28,5,55.78,949.42,Delivered
2025-01-29,1,57.16,950.79,Delivered
2025-01-29,2,57.16,1615.12,Delivered
2025-01-29,3,57.16,412.93,Delivered
2025-01-29,4,57.16,661.02,Delivered
2025-01-29,5,57.16,1355.35,Delivered
2025-01-30,1,56.0,1065.55,Delivered
2025-01-30,2,56.0,640.01,Delivered
2025-01-30,3,56.0,983.29,Delivered
2025-01-30,4,56.0,826.15,Delivered
2025-01-30,5,56.0,305.04,Delivered
2025-01-31,1,57.24,1006.92,Delivered
2025-01-31,2,57.24,1089.73,Delivered
2025-01-31,3,57.24,1024.69,Delivered
2025-01-31,4,57.24,447.07,Delivered
2025-01-31,5,57.24,539.95,Delivered
2025-02-01,1,57.42,524.54,Delivered
2025-02-01,2,57.42,414.07,Delivered
2025-02-01,3,57.42,410.36,Delivered
2025-02-01,4,57.42,1199.04,Delivered
2025-02-01,5,57.42,712.78,Delivered
2025-02-02,1,55.94,1579.2,Delivered
2025-02-02,2,55.94,556.6,Delivered
2025-02-02,3,55.94,1297.68,Delivered
2025-02-02,4,55.94,1001.45,Delivered
2025-02-02,5,55.94,580.38,Delivered
2025-02-03,1,56.97,1474.36,Delivered
2025-02-03,2,56.97,553.47,Delivered
2025-02-03,3,56.97,1569.74,Delivered
2025-02-03,4,56.97,1266.61,Delivered
2025-02-03,5,56.97,1706.99,Delivered
2025-02-04,1,56.9,1596.91,Delivered
2025-02-04,2,56.9,1556.27,Delivered
2025-02-04,3,56.9,1135.02,Delivered
2025-02-04,4,56.9,1659.61,Delivered
2025-02-04,5,56.9,1207.43,Delivered
2025-02-05,1,55.53,583.33,Delivered
2025-02-05,2,55.53,1421.77,Delivered
2025-02-05,3,55.53,335.91,Delivered
2025-02-05,4,55.53,508.08,Delivered
2025-02-05,5,55.53,1390.05,Delivered
2025-02-06,1,55.28,1180.17,Delivered
2025-02-06,2,55.28,1444.6,Delivered
2025-02-06,3,55.28,1247.89,Delivered
2025-02-06,4,55.28,1333.86,Delivered
2025-02-06,5,55.28,1055.09,Delivered
2025-02-07,1,56.49,392.64,Delivered
2025-02-07,2,56.49,694.41,Delivered
2025-02-07,3,56.49,504.21,Delivered
2025-02-07,4,56.49,965.33,Delivered
2025-02-07,5,56.49,1381.19,Delivered
2025-02-08,1,56.25,1651.78,Delivered
2025-02-08,2,56.25,1203.33,Delivered
2025-02-08,3,56.25,1233.67,Delivered
2025-02-08,4,56.25,1623.19,Delivered
2025-02-08,5,56.25,1109.55,Delivered
2025-02-09,1,55.26,484.0,Delivered
2025-02-09,2,55.26,1346.33,Delivered
2025-02-09,3,55.26,1163.88,Delivered
2025-02-09,4,55.26,1633.99,Delivered
2025-02-09,5,55.26,828.28,Delivered
2025-02-10,1,56.63,824.1,Delivered
2025-02-10,2,56.63,794.27,Delivered
2025-02-10,3,56.63,427.12,Delivered
2025-02-10,4,56.63,1341.49,Delivered
2025-02-10,5,56.63,1428.16,Delivered
2025-02-11,1,56.38,867.11,Delivered
2025-02-11,2,56.38,1561.72,Delivered
2025-02-11,3,56.38,328.21,Delivered
2025-02-11,4,56.38,1565.0,Delivered
2025-02-11,5,56.38,620.42,Delivered
2025-02-12,1,55.68,442.37,Delivered
2025-02-12,2,55.68,717.42,Delivered
2025-02-12,3,55.68,423.98,Delivered
2025-02-12,4,55.68,476.53,Delivered
2025-02-12,5,55.68,429.15,Delivered
2025-02-13,1,56.93,308.02,Delivered
2025-02-13,2,56.93,1500.52,Delivered
2025-02-13,3,56.93,410.92,Delivered
2025-02-13,4,56.93,1198.33,Delivered
2025-02-13,5,56.93,1115.28,Delivered
2025-02-14,1,55.76,1418.05,Delivered
2025-02-14,2,55.76,1033.04,Delivered
2025-02-14,3,55.76,1470.9,Delivered
2025-02-14,4,55.76,1303.02,Delivered
2025-02-14,5,55.76,1401.29,Delivered
2025-02-15,1,57.13,455.71,Delivered
2025-02-15,2,57.13,912.62,Delivered
2025-02-15,3,57.13,1448.91,Delivered
2025-02-15,4,57.13,1664.81,Delivered
2025-02-15,5,57.13,1282.72,Delivered
2025-02-16,1,56.47,950.37,Delivered
2025-02-16,2,56.47,457.65,Delivered
2025-02-16,3,56.47,1255.62,Delivered
2025-02-16,4,56.47,920.46,Delivered
2025-02-16,5,56.47,736.88,Delivered
2025-02-17,1,55.65,1461.91,Delivered
2025-02-17,2,55.65,569.68,Delivered
2025-02-17,3,55.65,627.58,Delivered
2025-02-17,4,55.65,683.01,Delivered
2025-02-17,5,55.65,1467.67,Delivered
2025-02-18,1,55.17,368.76,Delivered
2025-02-18,2,55.17,700.46,Delivered
2025-02-18,3,55.17,363.61,Delivered
2025-02-18,4,55.17,1035.73,Delivered
2025-02-18,5,55.17,1007.41,Delivered
2025-02-19,1,56.67,846.87,Delivered
2025-02-19,2,56.67,785.66,Delivered
2025-02-19,3,56.67,1045.81,Delivered
2025-02-19,4,56.67,307.54,Delivered
2025-02-19,5,56.67,1465.33,Delivered
2025-02-20,1,56.82,1158.36,Delivered
2025-02-20,2,56.82,1343.44,Delivered
2025-02-20,3,56.82,1659.37,Delivered
2025-02-20,4,56.82,1070.06,Delivered
2025-02-20,5,56.82,1068.46,Delivered
2025-02-21,1,55.75,1319.6,Delivered
2025-02-21,2,55.75,477.84,Delivered
2025-02-21,3,55.75,1049.75,Delivered
2025-02-21,4,55.75,328.41,Delivered
2025-02-21,5,55.75,1412.0,Delivered
2025-02-22,1,56.17,293.03,Delivered
2025-02-22,2,56.17,548.6,Delivered
2025-02-22,3,56.17,1123.09,Delivered
2025-02-22,4,56.17,1521.21,Delivered
2025-02-22,5,56.17,884.71,Delivered
2025-02-23,1,56.82,1569.17,Delivered
2025-02-23,2,56.82,1627.53,Delivered
2025-02-23,3,56.82,1283.29,Delivered
2025-02-23,4,56.82,561.18,Delivered
2025-02-23,5,56.82,388.07,Delivered
2025-02-24,1,55.51,280.7,Delivered
2025-02-24,2,55.51,987.77,Delivered
2025-02-24,3,55.51,389.66,Delivered
2025-02-24,4,55.51,950.88,Delivered
2025-02-24,5,55.51,658.71,Delivered
2025-02-25,1,56.59,723.57,Delivered
2025-02-25,2,56.59,392.79,Delivered
2025-02-25,3,56.59,1278.14,Delivered
2025-02-25,4,56.59,1101.86,Delivered
2025-02-25,5,56.59,495.68,Delivered
2025-02-26,1,55.81,675.34,Delivered
2025-02-26,2,55.81,676.68,Delivered
2025-02-26,3,55.81,1177.58,Delivered
2025-02-26,4,55.81,314.44,Delivered
2025-02-26,5,55.81,555.95,Delivered
2025-02-27,1,55.9,1437.71,Delivered
2025-02-27,2,55.9,403.75,Delivered
2025-02-27,3,55.9,427.15,Delivered
2025-02-27,4,55.9,1548.64,Delivered
2025-02-27,5,55.9,531.55,Delivered
2025-02-28,1,56.4,472.02,Delivered
2025-02-28,2,56.4,1052.24,Delivered
2025-02-28,3,56.4,1152.73,Delivered
2025-02-28,4,56.4,1455.04,Delivered
2025-02-28,5,56.4,1167.86,Delivered
2025-03-01,1,56.5,426.06,Delivered
2025-03-01,2,56.5,462.17,Delivered
2025-03-01,3,56.5,1172.43,Delivered
2025-03-01,4,56.5,1519.95,Delivered
2025-03-01,5,56.5,622.02,Delivered
2025-03-02,1,55.94,865.06,Delivered
2025-03-02,2,55.94,1391.1,Delivered
2025-03-02,3,55.94,1411.99,Delivered
2025-03-02,4,55.94,1360.42,Delivered
2025-03-02,5,55.94,1089.61,Delivered
2025-03-03,1,55.18,896.92,Delivered
2025-03-03,2,55.18,277.92,Delivered
2025-03-03,3,55.18,1627.31,Delivered
2025-03-03,4,55.18,313.71,Delivered
2025-03-03,5,55.18,1372.33,Delivered
2025-03-04,1,56.01,414.56,Delivered
2025-03-04,2,56.01,872.06,Delivered
2025-03-04,3,56.01,844.2,Delivered
2025-03-04,4,56.01,1650.28,Delivered
2025-03-04,5,56.01,766.11,Delivered
2025-03-05,1,56.53,1386.49,Delivered
2025-03-05,2,56.53,292.89,Delivered
2025-03-05,3,56.53,847.97,Delivered
2025-03-05,4,56.53,1486.82,Delivered
2025-03-05,5,56.53,548.91,Delivered
2025-03-06,1,56.16,1170.35,Delivered
2025-03-06,2,56.16,905.21,Delivered
2025-03-06,3,56.16,1082.01,Delivered
2025-03-06,4,56.16,567.35,Delivered
2025-03-06,5,56.16,998.79,Delivered
2025-03-07,1,56.35,333.98,Delivered
2025-03-07,2,56.35,384.11,Delivered
2025-03-07,3,56.35,372.86,Delivered
2025-03-07,4,56.35,1451.01,Delivered
2025-03-07,5,56.35,624.79,Delivered
2025-03-08,1,54.86,356.63,Delivered
2025-03-08,2,54.86,517.72,Delivered
2025-03-08,3,54.86,1090.23,Delivered
2025-03-08,4,54.86,1473.38,Delivered
2025-03-08,5,54.86,1345.67,Delivered
2025-03-09,1,56.21,459.34,Delivered
2025-03-09,2,56.21,1593.22,Delivered
2025-03-09,3,56.21,1490.41,Delivered
2025-03-09,4,56.21,1272.56,Delivered
2025-03-09,5,56.21,1313.39,Delivered
2025-03-10,1,54.93,1480.1,Delivered
2025-03-10,2,54.93,1252.88,Delivered
2025-03-10,3,54.93,499.39,Delivered
2025-03-10,4,54.93,1250.37,Delivered
2025-03-10,5,54.93,916.88,Delivered
2025-03-11,1,55.67,959.0,Delivered
2025-03-11,2,55.67,1477.14,Delivered
2025-03-11,3,55.67,1413.83,Delivered
2025-03-11,4,55.67,1532.49,Delivered
2025-03-11,5,55.67,455.72,Delivered
2025-03-12,1,54.96,778.49,Delivered
2025-03-12,2,54.96,379.11,Delivered
2025-03-12,3,54.96,947.88,Delivered
2025-03-12,4,54.96,902.53,Delivered
2025-03-12,5,54.96,1452.8,Delivered
2025-03-13,1,55.08,335.09,Delivered
2025-03-13,2,55.08,1074.5,Delivered
2025-03-13,3,55.08,1325.77,Delivered
2025-03-13,4,55.08,343.68,Delivered
2025-03-13,5,55.08,287.38,Delivered
2025-03-14,1,55.16,558.73,Delivered
2025-03-14,2,55.16,1619.75,Delivered
2025-03-14,3,55.16,513.23,Delivered
2025-03-14,4,55.16,1543.35,Delivered
2025-03-14,5,55.16,1252.43,Delivered
2025-03-15,1,55.72,530.33,Delivered
2025-03-15,2,55.72,1188.67,Delivered
2025-03-15,3,55.72,1333.32,Delivered
2025-03-15,4,55.72,754.36,Delivered
2025-03-15,5,55.72,509.95,Delivered
2025-03-16,1,57.0,385.47,Delivered
2025-03-16,2,57.0,506.83,Delivered
2025-03-16,3,57.0,754.79,Delivered
2025-03-16,4,57.0,636.55,Delivered
2025-03-16,5,57.0,1596.6,Delivered
2025-03-17,1,55.75,342.0,Delivered
2025-03-17,2,55.75,1228.6,Delivered
2025-03-17,3,55.75,463.72,Delivered
2025-03-17,4,55.75,347.89,Delivered
2025-03-17,5,55.75,1458.37,Delivered
2025-03-18,1,56.38,1138.03,Delivered
2025-03-18,2,56.38,638.1,Delivered
2025-03-18,3,56.38,1576.85,Delivered
2025-03-18,4,56.38,1649.61,Delivered
2025-03-18,5,56.38,1236.78,Delivered
2025-03-19,1,56.52,347.42,Delivered
2025-03-19,2,56.52,1027.67,Delivered
2025-03-19,3,56.52,1588.84,Delivered
2025-03-19,4,56.52,1628.19,Delivered
2025-03-19,5,56.52,718.16,Delivered
2025-03-20,1,56.79,1643.99,Delivered
2025-03-20,2,56.79,1041.59,Delivered
2025-03-20,3,56.79,737.43,Delivered
2025-03-20,4,56.79,1436.09,Delivered
2025-03-20,5,56.79,326.01,Delivered
2025-03-21,1,55.09,374.78,Delivered
2025-03-21,2,55.09,1220.95,Delivered
2025-03-21,3,55.09,574.93,Delivered
2025-03-21,4,55.09,1568.64,Delivered
2025-03-21,5,55.09,790.0,Delivered
2025-03-22,1,55.68,1525.17,Delivered
2025-03-22,2,55.68,458.91,Delivered
2025-03-22,3,55.68,404.81,Delivered
2025-03-22,4,55.68,551.09,Delivered
2025-03-22,5,55.68,1133.83,Delivered
2025-03-23,1,56.01,286.41,Delivered
2025-03-23,2,56.01,976.17,Delivered
2025-03-23,3,56.01,406.68,Delivered
2025-03-23,4,56.01,1336.7,Delivered
2025-03-23,5,56.01,1414.42,Delivered
2025-03-24,1,55.86,1480.47,Delivered
2025-03-24,2,55.86,899.19,Delivered
2025-03-24,3,55.86,442.81,Delivered
2025-03-24,4,55.86,292.37,Delivered
2025-03-24,5,55.86,529.83,Delivered
2025-03-25,1,55.64,1620.11,Delivered
2025-03-25,2,55.64,979.06,Delivered
2025-03-25,3,55.64,1183.32,Delivered
2025-03-25,4,55.64,502.6,Delivered
2025-03-25,5,55.64,1377.04,Delivered
2025-03-26,1,56.48,1002.76,Delivered
2025-03-26,2,56.48,913.38,Delivered
2025-03-26,3,56.48,831.62,Delivered
2025-03-26,4,56.48,1510.57,Delivered
2025-03-26,5,56.48,969.36,Delivered
2025-03-27,1,57.01,1596.92,Delivered
2025-03-27,2,57.01,1071.6,Delivered
2025-03-27,3,57.01,865.41,Delivered
2025-03-27,4,57.01,1372.32,Delivered
2025-03-27,5,57.01,441.55,Delivered
2025-03-28,1,55.46,375.5,Delivered
2025-03-28,2,55.46,1620.73,Delivered
2025-03-28,3,55.46,283.08,Delivered
2025-03-28,4,55.46,727.33,Delivered
2025-03-28,5,55.46,830.91,Delivered
2025-03-29,1,56.12,1443.35,Delivered
2025-03-29,2,56.12,1574.63,Delivered
2025-03-29,3,56.12,697.77,Delivered
2025-03-29,4,56.12,1456.75,Delivered
2025-03-29,5,56.12,589.5,Delivered
2025-03-30,1,55.31,1209.63,Delivered
2025-03-30,2,55.31,369.22,Delivered
2025-03-30,3,55.31,799.92,Delivered
2025-03-30,4,55.31,1109.24,Delivered
2025-03-30,5,55.31,1373.36,Delivered
2025-03-31,1,55.32,1318.77,Delivered
2025-03-31,2,55.32,1582.01,Delivered
2025-03-31,3,55.32,837.65,Delivered
2025-03-31,4,55.32,651.84,Delivered
2025-03-31,5,55.32,889.85,Delivered
2025-04-01,1,55.2,1423.32,Delivered
2025-04-01,2,55.2,1019.65,Delivered
2025-04-01,3,55.2,634.1,Delivered
2025-04-01,4,55.2,474.61,Delivered
2025-04-01,5,55.2,718.28,Delivered
2025-04-02,1,56.4,1308.63,Delivered
2025-04-02,2,56.4,1169.69,Delivered
2025-04-02,3,56.4,1648.07,Delivered
2025-04-02,4,56.4,1492.91,Delivered
2025-04-02,5,56.4,1089.91,Delivered
2025-04-03,1,55.46,1479.91,Delivered
2025-04-03,2,55.46,1415.94,Delivered
2025-04-03,3,55.46,1618.35,Delivered
2025-04-03,4,55.46,1166.1,Delivered
2025-04-03,5,55.46,1483.94,Delivered
2025-04-04,1,55.68,634.63,Delivered
2025-04-04,2,55.68,399.72,Delivered
2025-04-04,3,55.68,1667.72,Delivered
2025-04-04,4,55.68,418.04,Delivered
2025-04-04,5,55.68,1120.65,Delivered
2025-04-05,1,55.75,766.25,Delivered
2025-04-05,2,55.75,594.31,Delivered
2025-04-05,3,55.75,1651.97,Delivered
2025-04-05,4,55.75,1289.93,Delivered
2025-04-05,5,55.75,875.46,Delivered
2025-04-06,1,56.72,1437.09,Delivered
2025-04-06,2,56.72,311.21,Delivered
2025-04-06,3,56.72,1366.18,Delivered
2025-04-06,4,56.72,734.72,Delivered
2025-04-06,5,56.72,1693.06,Delivered
2025-04-07,1,55.07,359.43,Delivered
2025-04-07,2,55.07,678.56,Delivered
2025-04-07,3,55.07,586.25,Delivered
2025-04-07,4,55.07,1338.11,Delivered
2025-04-07,5,55.07,1307.43,Delivered
2025-04-08,1,55.83,1322.18,Delivered
2025-04-08,2,55.83,873.38,Delivered
2025-04-08,3,55.83,302.54,Delivered
2025-04-08,4,55.83,616.2,Delivered
2025-04-08,5,55.83,854.07,Delivered
2025-04-09,1,55.14,1419.34,Delivered
2025-04-09,2,55.14,1521.01,Delivered
2025-04-09,3,55.14,686.53,Delivered
2025-04-09,4,55.14,303.63,Delivered
2025-04-09,5,55.14,403.04,Delivered
2025-04-10,1,55.38,1401.41,Delivered
2025-04-10,2,55.38,460.1,Delivered
2025-04-10,3,55.38,564.19,Delivered
2025-04-10,4,55.38,889.15,Delivered
2025-04-10,5,55.38,352.71,Delivered
2025-04-11,1,55.78,972.7,Delivered
2025-04-11,2,55.78,538.08,Delivered
2025-04-11,3,55.78,1327.05,Delivered
2025-04-11,4,55.78,1547.19,Delivered
2025-04-11,5,55.78,1388.54,Delivered
2025-04-12,1,56.22,1309.38,Delivered
2025-04-12,2,56.22,363.63,Delivered
2025-04-12,3,56.22,1088.99,Delivered
2025-04-12,4,56.22,844.67,Delivered
2025-04-12,5,56.22,1037.62,Delivered
2025-04-13,1,56.18,1232.33,Delivered
2025-04-13,2,56.18,1411.66,Delivered
2025-04-13,3,56.18,1109.09,Delivered
2025-04-13,4,56.18,1380.74,Delivered
2025-04-13,5,56.18,1129.56,Delivered
2025-04-14,1,56.46,1342.02,Delivered
2025-04-14,2,56.46,377.29,Delivered
2025-04-14,3,56.46,826.53,Delivered
2025-04-14,4,56.46,757.73,Delivered
2025-04-14,5,56.46,1260.0,Delivered
2025-04-15,1,55.24,357.45,Delivered
2025-04-15,2,55.24,1368.08,Delivered
2025-04-15,3,55.24,564.07,Delivered
2025-04-15,4,55.24,792.84,Delivered
2025-04-15,5,55.24,743.94,Delivered
2025-04-16,1,56.01,828.31,Delivered
2025-04-16,2,56.01,407.77,Delivered
2025-04-16,3,56.01,1503.06,Delivered
2025-04-16,4,56.01,1250.5,Delivered
2025-04-16,5,56.01,1032.28,Delivered
2025-04-17,1,55.31,941.62,Delivered
2025-04-17,2,55.31,1374.14,Delivered
2025-04-17,3,55.31,1075.96,Delivered
2025-04-17,4,55.31,1592.34,Delivered
2025-04-17,5,55.31,330.01,Delivered
2025-04-18,1,55.23,714.08,Delivered
2025-04-18,2,55.23,1490.92,Delivered
2025-04-18,3,55.23,836.78,Delivered
2025-04-18,4,55.23,904.55,Delivered
2025-04-18,5,55.23,793.7,Delivered
2025-04-19,1,55.55,1296.39,Delivered
2025-04-19,2,55.55,1034.46,Delivered
2025-04-19,3,55.55,478.53,Delivered
2025-04-19,4,55.55,1548.47,Delivered
2025-04-19,5,55.55,459.86,Delivered
2025-04-20,1,56.59,665.65,Delivered
2025-04-20,2,56.59,1268.76,Delivered
2025-04-20,3,56.59,843.32,Delivered
2025-04-20,4,56.59,916.36,Delivered
2025-04-20,5,56.59,1655.19,Delivered
2025-04-21,1,55.25,1061.42,Delivered
2025-04-21,2,55.25,508.22,Delivered
2025-04-21,3,55.25,1076.39,Delivered
2025-04-21,4,55.25,1292.26,Delivered
2025-04-21,5,55.25,489.98,Delivered
2025-04-22,1,55.85,1123.28,Delivered
2025-04-22,2,55.85,666.52,Delivered
2025-04-22,3,55.85,638.51,Delivered
2025-04-22,4,55.85,1436.22,Delivered
2025-04-22,5,55.85,671.21,Delivered
2025-04-23,1,55.62,1452.83,Delivered
2025-04-23,2,55.62,568.88,Delivered
2025-04-23,3,55.62,533.39,Delivered
2025-04-23,4,55.62,1092.78,Delivered
2025-04-23,5,55.62,481.74,Delivered
2025-04-24,1,57.05,321.24,Delivered
2025-04-24,2,57.05,1386.92,Delivered
2025-04-24,3,57.05,689.05,Delivered
2025-04-24,4,57.05,1181.82,Delivered
2025-04-24,5,57.05,1609.69,Delivered
2025-04-25,1,57.25,538.05,Delivered
2025-04-25,2,57.25,589.17,Delivered
2025-04-25,3,57.25,1203.15,Delivered
2025-04-25,4,57.25,795.72,Delivered
2025-04-25,5,57.25,1597.96,Delivered
2025-04-26,1,56.3,914.02,Delivered
2025-04-26,2,56.3,753.02,Delivered
2025-04-26,3,56.3,902.99,Delivered
2025-04-26,4,56.3,1377.6,Delivered
2025-04-26,5,56.3,1259.39,Delivered
2025-04-27,1,57.12,1374.97,Delivered
2025-04-27,2,57.12,929.19,Delivered
2025-04-27,3,57.12,520.04,Delivered
2025-04-27,4,57.12,1502.09,Delivered
2025-04-27,5,57.12,565.88,Delivered
2025-04-28,1,56.73,1283.19,Delivered
2025-04-28,2,56.73,452.69,Delivered
2025-04-28,3,56.73,1016.16,Delivered
2025-04-28,4,56.73,1640.11,Delivered
2025-04-28,5,56.73,717.76,Delivered
2025-04-29,1,56.77,1123.43,Delivered
2025-04-29,2,56.77,864.8,Delivered
2025-04-29,3,56.77,1418.63,Delivered
2025-04-29,4,56.77,1313.41,Delivered
2025-04-29,5,56.77,1393.94,Delivered
2025-04-30,1,55.29,1264.51,Delivered
2025-04-30,2,55.29,1438.05,Delivered
2025-04-30,3,55.29,1159.51,Delivered
2025-04-30,4,55.29,662.54,Delivered
2025-04-30,5,55.29,472.25,Delivered
2025-05-01,1,56.58,763.26,Delivered
2025-05-01,2,56.58,1207.79,Delivered
2025-05-01,3,56.58,1651.36,Delivered
2025-05-01,4,56.58,921.8,Delivered
2025-05-01,5,56.58,803.77,Delivered
2025-05-02,1,55.91,1173.87,Delivered
2025-05-02,2,55.91,919.88,Delivered
2025-05-02,3,55.91,613.26,Delivered
2025-05-02,4,55.91,319.94,Delivered
2025-05-02,5,55.91,984.82,Delivered
2025-05-03,1,55.79,429.32,Delivered
2025-05-03,2,55.79,476.51,Delivered
2025-05-03,3,55.79,1663.91,Delivered
2025-05-03,4,55.79,886.41,Delivered
2025-05-03,5,55.79,1014.46,Delivered
2025-05-04,1,55.17,1553.99,Delivered
2025-05-04,2,55.17,1222.92,Delivered
2025-05-04,3,55.17,372.31,Delivered
2025-05-04,4,55.17,920.86,Delivered
2025-05-04,5,55.17,1237.21,Delivered
2025-05-05,1,56.04,1300.16,Delivered
2025-05-05,2,56.04,1245.07,Delivered
2025-05-05,3,56.04,600.34,Delivered
2025-05-05,4,56.04,1019.79,Delivered
2025-05-05,5,56.04,1387.85,Delivered
2025-05-06,1,56.1,1208.04,Delivered
2025-05-06,2,56.1,609.79,Delivered
2025-05-06,3,56.1,768.1,Delivered
2025-05-06,4,56.1,927.51,Delivered
2025-05-06,5,56.1,1531.21,Delivered
2025-05-07,1,55.61,1626.66,Delivered
2025-05-07,2,55.61,304.43,Delivered
2025-05-07,3,55.61,392.68,Delivered
2025-05-07,4,55.61,1305.93,Delivered
2025-05-07,5,55.61,752.83,Delivered
2025-05-08,1,55.28,1376.4,Delivered
2025-05-08,2,55.28,1447.97,Delivered
2025-05-08,3,55.28,671.16,Delivered
2025-05-08,4,55.28,1110.45,Delivered
2025-05-08,5,55.28,1594.28,Delivered
2025-05-09,1,55.43,1295.81,Delivered
2025-05-09,2,55.43,636.13,Delivered
2025-05-09,3,55.43,895.89,Delivered
2025-05-09,4,55.43,1215.61,Delivered
2025-05-09,5,55.43,438.94,Delivered
2025-05-10,1,56.69,1053.35,Delivered
2025-05-10,2,56.69,1097.38,Delivered
2025-05-10,3,56.69,1254.81,Delivered
2025-05-10,4,56.69,695.04,Delivered
2025-05-10,5,56.69,1481.8,Delivered
2025-05-11,1,55.31,396.41,Delivered
2025-05-11,2,55.31,394.58,Delivered
2025-05-11,3,55.31,1289.55,Delivered
2025-05-11,4,55.31,901.28,Delivered
2025-05-11,5,55.31,495.95,Delivered
2025-05-12,1,55.85,939.77,Delivered
2025-05-12,2,55.85,552.39,Delivered
2025-05-12,3,55.85,1649.61,Delivered
2025-05-12,4,55.85,1096.18,Delivered
2025-05-12,5,55.85,1459.84,Delivered
2025-05-13,1,56.64,457.44,Delivered
2025-05-13,2,56.64,1657.51,Delivered
2025-05-13,3,56.64,1607.7,Delivered
2025-05-13,4,56.64,929.91,Delivered
2025-05-13,5,56.64,724.46,Delivered
2025-05-14,1,55.74,1235.76,Delivered
2025-05-14,2,55.74,549.02,Delivered
2025-05-14,3,55.74,496.96,Delivered
2025-05-14,4,55.74,627.13,Delivered
2025-05-14,5,55.74,1263.2,Delivered
2025-05-15,1,55.55,480.85,Delivered
2025-05-15,2,55.55,558.39,Delivered
2025-05-15,3,55.55,778.96,Delivered
2025-05-15,4,55.55,1154.94,Delivered
2025-05-15,5,55.55,1113.49,Delivered
2025-05-16,1,55.56,436.85,Delivered
2025-05-16,2,55.56,1394.72,Delivered
2025-05-16,3,55.56,949.77,Delivered
2025-05-16,4,55.56,883.85,Delivered
2025-05-16,5,55.56,705.97,Delivered
2025-05-17,1,55.08,420.57,Delivered
2025-05-17,2,55.08,1114.33,Delivered
2025-05-17,3,55.08,1390.27,Delivered
2025-05-17,4,55.08,671.46,Delivered
2025-05-17,5,55.08,364.0,Delivered
2025-05-18,1,55.16,1337.47,Delivered
2025-05-18,2,55.16,374.59,Delivered
2025-05-18,3,55.16,1115.3,Delivered
2025-05-18,4,55.16,1578.53,Delivered
2025-05-18,5,55.16,377.13,Delivered
2025-05-19,1,55.17,609.31,Delivered
2025-05-19,2,55.17,1616.8,Delivered
2025-05-19,3,55.17,1331.5,Delivered
2025-05-19,4,55.17,482.95,Delivered
2025-05-19,5,55.17,1582.41,Delivered
2025-05-20,1,56.91,877.83,Delivered
2025-05-20,2,56.91,628.92,Delivered
2025-05-20,3,56.91,930.53,Delivered
2025-05-20,4,56.91,846.82,Delivered
2025-05-20,5,56.91,891.54,Delivered
2025-05-21,1,56.34,1294.26,Delivered
2025-05-21,2,56.34,1123.99,Delivered
2025-05-21,3,56.34,592.58,Delivered
2025-05-21,4,56.34,1599.89,Delivered
2025-05-21,5,56.34,956.32,Delivered
2025-05-22,1,56.8,934.68,Delivered
2025-05-22,2,56.8,512.91,Delivered
2025-05-22,3,56.8,711.08,Delivered
2025-05-22,4,56.8,1690.52,Delivered
2025-05-22,5,56.8,738.99,Delivered
2025-05-23,1,56.97,344.02,Delivered
2025-05-23,2,56.97,1136.2,Delivered
2025-05-23,3,56.97,748.89,Delivered
2025-05-23,4,56.97,1006.8,Delivered
2025-05-23,5,56.97,1589.04,Delivered
2025-05-24,1,56.38,856.58,Delivered
2025-05-24,2,56.38,1426.81,Delivered
2025-05-24,3,56.38,330.6,Delivered
2025-05-24,4,56.38,916.96,Delivered
2025-05-24,5,56.38,286.56,Delivered
2025-05-25,1,55.81,1079.99,Delivered
2025-05-25,2,55.81,1501.44,Delivered
2025-05-25,3,55.81,1365.62,Delivered
2025-05-25,4,55.81,1329.14,Delivered
2025-05-25,5,55.81,1019.85,Delivered
2025-05-26,1,55.9,1064.49,Delivered
2025-05-26,2,55.9,907.79,Delivered
2025-05-26,3,55.9,1195.29,Delivered
2025-05-26,4,55.9,308.11,Delivered
2025-05-26,5,55.9,755.22,Delivered
2025-05-27,1,55.93,1283.45,Delivered
2025-05-27,2,55.93,1036.12,Delivered
2025-05-27,3,55.93,1437.0,Delivered
2025-05-27,4,55.93,318.69,Delivered
2025-05-27,5,55.93,461.25,Delivered
2025-05-28,1,56.26,340.27,Delivered
2025-05-28,2,56.26,422.03,Delivered
2025-05-28,3,56.26,524.89,Delivered
2025-05-28,4,56.26,915.38,Delivered
2025-05-28,5,56.26,347.67,Delivered
2025-05-29,1,56.87,1378.53,Delivered
2025-05-29,2,56.87,1546.91,Delivered
2025-05-29,3,56.87,433.52,Delivered
2025-05-29,4,56.87,795.93,Delivered
2025-05-29,5,56.87,805.31,Delivered
2025-05-30,1,56.28,1269.83,Delivered
2025-05-30,2,56.28,293.48,Delivered
2025-05-30,3,56.28,972.0,Delivered
2025-05-30,4,56.28,535.44,Delivered
2025-05-30,5,56.28,1146.27,Delivered
2025-05-31,1,55.42,1094.45,Delivered
2025-05-31,2,55.42,1087.14,Delivered
2025-05-31,3,55.42,579.12,Delivered
2025-05-31,4,55.42,953.16,Delivered
2025-05-31,5,55.42,1075.47,Delivered
2025-06-01,1,55.77,298.39,Delivered
2025-06-01,2,55.77,1188.71,Delivered
2025-06-01,3,55.77,1324.92,Delivered
2025-06-01,4,55.77,594.77,Delivered
2025-06-01,5,55.77,938.57,Delivered
2025-06-02,1,55.47,895.98,Delivered
2025-06-02,2,55.47,281.73,Delivered
2025-06-02,3,55.47,1183.51,Delivered
2025-06-02,4,55.47,990.59,Delivered
2025-06-02,5,55.47,1563.16,Delivered
2025-06-03,1,56.81,1176.6,Delivered
2025-06-03,2,56.81,1277.41,Delivered
2025-06-03,3,56.81,1087.11,Delivered
2025-06-03,4,56.81,1438.91,Delivered
2025-06-03,5,56.81,400.64,Delivered
2025-06-04,1,55.74,318.17,Delivered
2025-06-04,2,55.74,1436.32,Delivered
2025-06-04,3,55.74,1224.04,Delivered
2025-06-04,4,55.74,1075.04,Delivered
2025-06-04,5,55.74,760.11,Delivered
2025-06-05,1,55.15,644.46,Delivered
2025-06-05,2,55.15,1173.74,Delivered
2025-06-05,3,55.15,1050.96,Delivered
2025-06-05,4,55.15,1463.46,Delivered
2025-06-05,5,55.15,1284.84,Delivered
2025-06-06,1,55.16,884.95,Delivered
2025-06-06,2,55.16,499.16,Delivered
2025-06-06,3,55.16,574.07,Delivered
2025-06-06,4,55.16,1387.62,Delivered
2025-06-06,5,55.16,1180.14,Delivered
2025-06-07,1,55.23,867.44,Delivered
2025-06-07,2,55.23,440.8,Delivered
2025-06-07,3,55.23,1140.57,Delivered
2025-06-07,4,55.23,1446.37,Delivered
2025-06-07,5,55.23,1217.19,Delivered
2025-06-08,1,55.41,1273.75,Delivered
2025-06-08,2,55.41,384.64,Delivered
2025-06-08,3,55.41,1431.2,Delivered
2025-06-08,4,55.41,1484.84,Delivered
2025-06-08,5,55.41,1610.1,Delivered
2025-06-09,1,56.83,469.45,Delivered
2025-06-09,2,56.83,288.25,Delivered
2025-06-09,3,56.83,474.95,Delivered
2025-06-09,4,56.83,1100.53,Delivered
2025-06-09,5,56.83,1151.86,Delivered
2025-06-10,1,56.4,1135.76,Delivered
2025-06-10,2,56.4,1341.27,Delivered
2025-06-10,3,56.4,1252.12,Delivered
2025-06-10,4,56.4,1125.42,Delivered
2025-06-10,5,56.4,488.04,Delivered
2025-06-11,1,55.45,1602.0,Delivered
2025-06-11,2,55.45,865.08,Delivered
2025-06-11,3,55.45,1211.71,Delivered
2025-06-11,4,55.45,389.91,Delivered
2025-06-11,5,55.45,1014.55,Delivered
2025-06-12,1,56.87,783.1,Delivered
2025-06-12,2,56.87,704.85,Delivered
2025-06-12,3,56.87,1038.41,Delivered
2025-06-12,4,56.87,1538.42,Delivered
2025-06-12,5,56.87,1132.57,Delivered
2025-06-13,1,56.65,1492.01,Delivered
2025-06-13,2,56.65,1113.69,Delivered
2025-06-13,3,56.65,562.41,Delivered
2025-06-13,4,56.65,921.69,Delivered
2025-06-13,5,56.65,1463.25,Delivered
2025-06-14,1,55.91,1334.64,Delivered
2025-06-14,2,55.91,545.0,Delivered
2025-06-14,3,55.91,839.43,Delivered
2025-06-14,4,55.91,1275.71,Delivered
2025-06-14,5,55.91,1252.79,Delivered
2025-06-15,1,55.47,568.66,Delivered
2025-06-15,2,55.47,1030.49,Delivered
2025-06-15,3,55.47,1083.07,Delivered
2025-06-15,4,55.47,931.7,Delivered
2025-06-15,5,55.47,1334.79,Delivered
2025-06-16,1,55.98,1052.63,Delivered
2025-06-16,2,55.98,516.95,Delivered
2025-06-16,3,55.98,772.1,Delivered
2025-06-16,4,55.98,1567.73,Delivered
2025-06-16,5,55.98,1207.1,Delivered
2025-06-17,1,55.54,602.29,Delivered
2025-06-17,2,55.54,753.55,Delivered
2025-06-17,3,55.54,1399.74,Delivered
2025-06-17,4,55.54,685.7,Delivered
2025-06-17,5,55.54,1091.97,Delivered
2025-06-18,1,56.33,935.77,Delivered
2025-06-18,2,56.33,745.09,Delivered
2025-06-18,3,56.33,1677.92,Delivered
2025-06-18,4,56.33,552.29,Delivered
2025-06-18,5,56.33,1407.96,Delivered
2025-06-19,1,56.31,549.32,Delivered
2025-06-19,2,56.31,818.77,Delivered
2025-06-19,3,56.31,289.13,Delivered
2025-06-19,4,56.31,502.84,Delivered
2025-06-19,5,56.31,425.43,Delivered
2025-06-20,1,55.68,418.39,Delivered
2025-06-20,2,55.68,1153.42,Delivered
2025-06-20,3,55.68,1611.44,Delivered
2025-06-20,4,55.68,897.29,Delivered
2025-06-20,5,55.68,1382.5,Delivered
2025-06-21,1,55.32,1422.68,Delivered
2025-06-21,2,55.32,1407.53,Delivered
2025-06-21,3,55.32,431.76,Delivered
2025-06-21,4,55.32,394.64,Delivered
2025-06-21,5,55.32,1355.23,Delivered
2025-06-22,1,56.42,1335.25,Delivered
2025-06-22,2,56.42,1283.53,Delivered
2025-06-22,3,56.42,307.42,Delivered
2025-06-22,4,56.42,351.8,Delivered
2025-06-22,5,56.42,475.49,Delivered
2025-06-23,1,56.38,805.6,Delivered
2025-06-23,2,56.38,759.25,Delivered
2025-06-23,3,56.38,1329.54,Delivered
2025-06-23,4,56.38,813.95,Delivered
2025-06-23,5,56.38,1182.11,Delivered
2025-06-24,1,55.98,989.39,Delivered
2025-06-24,2,55.98,1538.34,Delivered
2025-06-24,3,55.98,1062.82,Delivered
2025-06-24,4,55.98,919.03,Delivered
2025-06-24,5,55.98,656.09,Delivered
2025-06-25,1,57.25,1106.64,Delivered
2025-06-25,2,57.25,889.74,Delivered
2025-06-25,3,57.25,869.23,Delivered
2025-06-25,4,57.25,663.96,Delivered
2025-06-25,5,57.25,1583.8,Delivered
2025-06-26,1,56.62,711.42,Delivered
2025-06-26,2,56.62,744.33,Delivered
2025-06-26,3,56.62,1068.76,Delivered
2025-06-26,4,56.62,1496.12,Delivered
2025-06-26,5,56.62,1131.6,Delivered
2025-06-27,1,55.67,1072.95,Delivered
2025-06-27,2,55.67,949.11,Delivered
2025-06-27,3,55.67,977.87,Delivered
2025-06-27,4,55.67,1109.79,Delivered
2025-06-27,5,55.67,1118.54,Delivered
2025-06-28,1,56.48,774.15,Delivered
2025-06-28,2,56.48,812.06,Delivered
2025-06-28,3,56.48,887.67,Delivered
2025-06-28,4,56.48,472.97,Delivered
2025-06-28,5,56.48,442.29,Delivered
2025-06-29,1,55.34,1401.13,Delivered
2025-06-29,2,55.34,1017.73,Delivered
2025-06-29,3,55.34,1372.0,Delivered
2025-06-29,4,55.34,762.58,Delivered
2025-06-29,5,55.34,676.65,Delivered
2025-06-30,1,56.61,343.79,Delivered
2025-06-30,2,56.61,702.59,Delivered
2025-06-30,3,56.61,1142.25,Delivered
2025-06-30,4,56.61,1497.03,Delivered
2025-06-30,5,56.61,364.28,Delivered
2025-07-01,1,57.22,988.09,Delivered
2025-07-01,2,57.22,734.97,Delivered
2025-07-01,3,57.22,956.46,Delivered
2025-07-01,4,57.22,570.69,Delivered
2025-07-01,5,57.22,642.65,Delivered
2025-07-02,1,57.3,1017.09,Delivered
2025-07-02,2,57.3,335.32,Delivered
2025-07-02,3,57.3,1568.06,Delivered
2025-07-02,4,57.3,561.41,Delivered
2025-07-02,5,57.3,923.87,Delivered
2025-07-03,1,55.56,1093.48,Delivered
2025-07-03,2,55.56,689.31,Delivered
2025-07-03,3,55.56,778.77,Delivered
2025-07-03,4,55.56,669.29,Delivered
2025-07-03,5,55.56,1651.2,Delivered
2025-07-04,1,55.7,1008.13,Delivered
2025-07-04,2,55.7,905.96,Delivered
2025-07-04,3,55.7,466.24,Delivered
2025-07-04,4,55.7,1503.6,Delivered
2025-07-04,5,55.7,851.83,Delivered
2025-07-05,1,56.22,1202.86,Delivered
2025-07-05,2,56.22,418.17,Delivered
2025-07-05,3,56.22,445.84,Delivered
2025-07-05,4,56.22,1255.37,Delivered
2025-07-05,5,56.22,718.54,Delivered
2025-07-06,1,56.8,1018.63,Delivered
2025-07-06,2,56.8,1469.29,Delivered
2025-07-06,3,56.8,1339.0,Delivered
2025-07-06,4,56.8,1551.46,Delivered
2025-07-06,5,56.8,425.01,Delivered
2025-07-07,1,56.72,1676.05,Delivered
2025-07-07,2,56.72,1183.63,Delivered
2025-07-07,3,56.72,1358.71,Delivered
2025-07-07,4,56.72,947.26,Delivered
2025-07-07,5,56.72,1204.62,Delivered
2025-07-08,1,56.06,623.45,Delivered
2025-07-08,2,56.06,1229.7,Delivered
2025-07-08,3,56.06,394.88,Delivered
2025-07-08,4,56.06,846.59,Delivered
2025-07-08,5,56.06,1554.54,Delivered
2025-07-09,1,56.5,432.44,Delivered
2025-07-09,2,56.5,929.04,Delivered
2025-07-09,3,56.5,1417.13,Delivered
2025-07-09,4,56.5,463.95,Delivered
2025-07-09,5,56.5,391.24,Delivered
2025-07-10,1,56.37,1222.2,Delivered
2025-07-10,2,56.37,601.55,Delivered
2025-07-10,3,56.37,442.75,Delivered
2025-07-10,4,56.37,408.46,Delivered
2025-07-10,5,56.37,1620.81,Delivered
2025-07-11,1,56.0,871.64,Delivered
2025-07-11,2,56.0,668.53,Delivered
2025-07-11,3,56.0,1174.33,Delivered
2025-07-11,4,56.0,515.94,Delivered
2025-07-11,5,56.0,1484.71,Delivered
2025-07-12,1,55.78,954.09,Delivered
2025-07-12,2,55.78,866.42,Delivered
2025-07-12,3,55.78,807.07,Delivered
2025-07-12,4,55.78,1167.22,Delivered
2025-07-12,5,55.78,946.94,Delivered
2025-07-13,1,56.53,843.43,Delivered
2025-07-13,2,56.53,1625.17,Delivered
2025-07-13,3,56.53,1510.54,Delivered
2025-07-13,4,56.53,1243.71,Delivered
2025-07-13,5,56.53,687.49,Delivered
2025-07-14,1,55.83,569.02,Delivered
2025-07-14,2,55.83,597.31,Delivered
2025-07-14,3,55.83,1494.08,Delivered
2025-07-14,4,55.83,1576.21,Delivered
2025-07-14,5,55.83,1055.62,Delivered
2025-07-15,1,56.15,589.2,Delivered
2025-07-15,2,56.15,1304.34,Delivered
2025-07-15,3,56.15,678.8,Delivered
2025-07-15,4,56.15,699.3,Delivered
2025-07-15,5,56.15,948.89,Delivered
2025-07-16,1,56.06,928.33,Delivered
2025-07-16,2,56.06,527.85,Delivered
2025-07-16,3,56.06,757.89,Delivered
2025-07-16,4,56.06,1620.71,Delivered
2025-07-16,5,56.06,477.56,Delivered
2025-07-17,1,55.84,1387.48,Delivered
2025-07-17,2,55.84,903.87,Delivered
2025-07-17,3,55.84,1316.36,Delivered
2025-07-17,4,55.84,534.4,Delivered
2025-07-17,5,55.84,285.27,Delivered
2025-07-18,1,56.54,684.75,Delivered
2025-07-18,2,56.54,1141.18,Delivered
2025-07-18,3,56.54,706.48,Delivered
2025-07-18,4,56.54,868.33,Delivered
2025-07-18,5,56.54,1609.06,Delivered
2025-07-19,1,56.93,593.33,Delivered
2025-07-19,2,56.93,446.21,Delivered
2025-07-19,3,56.93,1265.71,Delivered
2025-07-19,4,56.93,968.18,Delivered
2025-07-19,5,56.93,1163.04,Delivered
2025-07-20,1,55.73,377.86,Delivered
2025-07-20,2,55.73,1501.26,Delivered
2025-07-20,3,55.73,306.99,Delivered
2025-07-20,4,55.73,399.02,Delivered
2025-07-20,5,55.73,1471.44,Delivered
2025-07-21,1,56.63,1660.65,Delivered
2025-07-21,2,56.63,847.19,Delivered
2025-07-21,3,56.63,409.7,Delivered
2025-07-21,4,56.63,589.69,Delivered
2025-07-21,5,56.63,699.34,Delivered
2025-07-22,1,56.7,1666.11,Delivered
2025-07-22,2,56.7,1697.71,Delivered
2025-07-22,3,56.7,1520.43,Delivered
2025-07-22,4,56.7,515.28,Delivered
2025-07-22,5,56.7,897.19,Delivered
2025-07-23,1,55.69,1254.67,Delivered
2025-07-23,2,55.69,1025.32,Delivered
2025-07-23,3,55.69,365.18,Delivered
2025-07-23,4,55.69,1270.41,Delivered
2025-07-23,5,55.69,331.54,Delivered
2025-07-24,1,57.06,784.28,Delivered
2025-07-24,2,57.06,1568.48,Delivered
2025-07-24,3,57.06,557.92,Delivered
2025-07-24,4,57.06,1220.81,Delivered
2025-07-24,5,57.06,505.84,Delivered
2025-07-25,1,55.46,1007.77,Delivered
2025-07-25,2,55.46,1179.52,Delivered
2025-07-25,3,55.46,1484.02,Delivered
2025-07-25,4,55.46,550.52,Delivered
2025-07-25,5,55.46,1472.94,Delivered
2025-07-26,1,55.93,556.71,Delivered
2025-07-26,2,55.93,294.71,Delivered
2025-07-26,3,55.93,1349.01,Delivered
2025-07-26,4,55.93,661.14,Delivered
2025-07-26,5,55.93,587.08,Delivered
2025-07-27,1,56.22,729.44,Delivered
2025-07-27,2,56.22,1088.72,Delivered
2025-07-27,3,56.22,966.5,Delivered
2025-07-27,4,56.22,354.79,Delivered
2025-07-27,5,56.22,1272.16,Delivered
2025-07-28,1,56.9,609.77,Delivered
2025-07-28,2,56.9,363.96,Delivered
2025-07-28,3,56.9,717.06,Delivered
2025-07-28,4,56.9,793.17,Delivered
2025-07-28,5,56.9,1282.73,Delivered
2025-07-29,1,55.92,649.53,Delivered
2025-07-29,2,55.92,417.35,Delivered
2025-07-29,3,55.92,545.97,Delivered
2025-07-29,4,55.92,1034.46,Delivered
2025-07-29,5,55.92,785.09,Delivered
2025-07-30,1,56.01,607.53,Delivered
2025-07-30,2,56.01,1264.81,Delivered
2025-07-30,3,56.01,1268.28,Delivered
2025-07-30,4,56.01,893.69,Delivered
2025-07-30,5,56.01,1629.95,Delivered
2025-07-31,1,56.25,1479.1,Delivered
2025-07-31,2,56.25,1007.52,Delivered
2025-07-31,3,56.25,1331.31,Delivered
2025-07-31,4,56.25,1569.81,Delivered
2025-07-31,5,56.25,670.58,Delivered
2025-08-01,1,56.52,1164.27,Delivered
2025-08-01,2,56.52,1554.9,Delivered
2025-08-01,3,56.52,1317.15,Delivered
2025-08-01,4,56.52,660.08,Delivered
2025-08-01,5,56.52,1398.6,Delivered
2025-08-02,1,55.51,1478.49,Delivered
2025-08-02,2,55.51,1525.81,Delivered
2025-08-02,3,55.51,763.4,Delivered
2025-08-02,4,55.51,863.06,Delivered
2025-08-02,5,55.51,867.81,Delivered
2025-08-03,1,56.61,289.35,Delivered
2025-08-03,2,56.61,1528.53,Delivered
2025-08-03,3,56.61,443.17,Delivered
2025-08-03,4,56.61,1697.79,Delivered
2025-08-03,5,56.61,707.13,Delivered
2025-08-04,1,55.44,1077.19,Delivered
2025-08-04,2,55.44,1485.06,Delivered
2025-08-04,3,55.44,321.72,Delivered
2025-08-04,4,55.44,1070.88,Delivered
2025-08-04,5,55.44,1285.67,Delivered
2025-08-05,1,56.74,833.17,Delivered
2025-08-05,2,56.74,1191.48,Delivered
2025-08-05,3,56.74,658.54,Delivered
2025-08-05,4,56.74,1166.4,Delivered
2025-08-05,5,56.74,1624.83,Delivered
2025-08-06,1,56.37,1222.23,Delivered
2025-08-06,2,56.37,678.07,Delivered
2025-08-06,3,56.37,1366.04,Delivered
2025-08-06,4,56.37,444.09,Delivered
2025-08-06,5,56.37,1548.36,Delivered
2025-08-07,1,56.07,564.55,Delivered
2025-08-07,2,56.07,635.45,Delivered
2025-08-07,3,56.07,726.63,Delivered
2025-08-07,4,56.07,324.16,Delivered
2025-08-07,5,56.07,703.77,Delivered
2025-08-08,1,55.98,1055.13,Delivered
2025-08-08,2,55.98,1155.23,Delivered
2025-08-08,3,55.98,1075.92,Delivered
2025-08-08,4,55.98,1513.18,Delivered
2025-08-08,5,55.98,1356.35,Delivered
2025-08-09,1,56.84,1673.95,Delivered
2025-08-09,2,56.84,806.19,Delivered
2025-08-09,3,56.84,1616.1,Delivered
2025-08-09,4,56.84,1691.85,Delivered
2025-08-09,5,56.84,1672.88,Delivered
2025-08-10,1,55.91,1433.38,Delivered
2025-08-10,2,55.91,1656.63,Delivered
2025-08-10,3,55.91,692.01,Delivered
2025-08-10,4,55.91,946.41,Delivered
2025-08-10,5,55.91,1044.03,Delivered
2025-08-11,1,56.16,1441.32,Delivered
2025-08-11,2,56.16,1510.54,Delivered
2025-08-11,3,56.16,1495.81,Delivered
2025-08-11,4,56.16,1302.95,Delivered
2025-08-11,5,56.16,1638.14,Delivered
2025-08-12,1,55.8,1268.59,Delivered
2025-08-12,2,55.8,734.38,Delivered
2025-08-12,3,55.8,623.8,Delivered
2025-08-12,4,55.8,1203.14,Delivered
2025-08-12,5,55.8,492.07,Delivered
2025-08-13,1,55.68,1620.78,Delivered
2025-08-13,2,55.68,319.16,Delivered
2025-08-13,3,55.68,710.47,Delivered
2025-08-13,4,55.68,1592.17,Delivered
2025-08-13,5,55.68,1513.52,Delivered
2025-08-14,1,55.92,1016.09,Delivered
2025-08-14,2,55.92,1190.26,Delivered
2025-08-14,3,55.92,906.35,Delivered
2025-08-14,4,55.92,1530.86,Delivered
2025-08-14,5,55.92,564.11,Delivered
2025-08-15,1,55.44,1498.36,Delivered
2025-08-15,2,55.44,1260.27,Delivered
2025-08-15,3,55.44,1220.91,Delivered
2025-08-15,4,55.44,1608.58,Delivered
2025-08-15,5,55.44,1236.15,Delivered
2025-08-16,1,55.74,634.86,Delivered
2025-08-16,2,55.74,754.18,Delivered
2025-08-16,3,55.74,436.79,Delivered
2025-08-16,4,55.74,1248.41,Delivered
2025-08-16,5,55.74,1100.11,Delivered
2025-08-17,1,56.62,892.15,Delivered
2025-08-17,2,56.62,694.88,Delivered
2025-08-17,3,56.62,1417.2,Delivered
2025-08-17,4,56.62,727.83,Delivered
2025-08-17,5,56.62,588.21,Delivered
2025-08-18,1,55.53,1405.71,Delivered
2025-08-18,2,55.53,1578.41,Delivered
2025-08-18,3,55.53,613.56,Delivered
2025-08-18,4,55.53,366.68,Delivered
2025-08-18,5,55.53,1025.76,Delivered
2025-08-19,1,55.48,1320.28,Delivered
2025-08-19,2,55.48,1556.67,Delivered
2025-08-19,3,55.48,288.44,Delivered
2025-08-19,4,55.48,1039.32,Delivered
2025-08-19,5,55.48,1651.63,Delivered
2025-08-20,1,56.54,1466.15,Delivered
2025-08-20,2,56.54,553.44,Delivered
2025-08-20,3,56.54,294.28,Delivered
2025-08-20,4,56.54,1095.07,Delivered
2025-08-20,5,56.54,1266.08,Delivered
2025-08-21,1,55.85,433.94,Delivered
2025-08-21,2,55.85,715.86,Delivered
2025-08-21,3,55.85,915.07,Delivered
2025-08-21,4,55.85,503.48,Delivered
2025-08-21,5,55.85,1493.69,Delivered
2025-08-22,1,56.56,1433.15,Delivered
2025-08-22,2,56.56,633.55,Delivered
2025-08-22,3,56.56,1610.55,Delivered
2025-08-22,4,56.56,465.69,Delivered
2025-08-22,5,56.56,666.65,Delivered
2025-08-23,1,54.69,1339.9,Delivered
2025-08-23,2,54.69,1528.32,Delivered
2025-08-23,3,54.69,693.9,Delivered
2025-08-23,4,54.69,1394.58,Delivered
2025-08-23,5,54.69,334.65,Delivered
2025-08-24,1,55.52,828.67,Delivered
2025-08-24,2,55.52,1480.34,Delivered
2025-08-24,3,55.52,361.09,Delivered
2025-08-24,4,55.52,649.31,Delivered
2025-08-24,5,55.52,1003.65,Delivered
2025-08-25,1,54.87,1250.04,Delivered
2025-08-25,2,54.87,563.64,Delivered
2025-08-25,3,54.87,1412.82,Delivered
2025-08-25,4,54.87,962.43,Delivered
2025-08-25,5,54.87,713.58,Delivered
2025-08-26,1,56.07,576.09,Delivered
2025-08-26,2,56.07,787.07,Delivered
2025-08-26,3,56.07,1549.07,Delivered
2025-08-26,4,56.07,1084.02,Delivered
2025-08-26,5,56.07,1148.36,Delivered
2025-08-27,1,56.01,466.69,Delivered
2025-08-27,2,56.01,635.14,Delivered
2025-08-27,3,56.01,1617.03,Delivered
2025-08-27,4,56.01,455.12,Delivered
2025-08-27,5,56.01,1104.1,Delivered
2025-08-28,1,56.07,805.32,Delivered
2025-08-28,2,56.07,1004.09,Delivered
2025-08-28,3,56.07,482.74,Delivered
2025-08-28,4,56.07,900.93,Delivered
2025-08-28,5,56.07,1427.75,Delivered
2025-08-29,1,55.4,467.88,Delivered
2025-08-29,2,55.4,1656.81,Delivered
2025-08-29,3,55.4,892.61,Delivered
2025-08-29,4,55.4,1108.92,Delivered
2025-08-29,5,55.4,851.44,Delivered
2025-08-30,1,55.61,674.58,Delivered
2025-08-30,2,55.61,1185.11,Delivered
2025-08-30,3,55.61,600.23,Delivered
2025-08-30,4,55.61,1265.07,Delivered
2025-08-30,5,55.61,1241.17,Delivered
2025-08-31,1,54.99,1271.95,Delivered
2025-08-31,2,54.99,752.31,Delivered
2025-08-31,3,54.99,506.23,Delivered
2025-08-31,4,54.99,1608.57,Delivered
2025-08-31,5,54.99,1549.78,Delivered
2025-09-01,1,55.85,689.11,Delivered
2025-09-01,2,55.85,1092.17,Delivered
2025-09-01,3,55.85,425.69,Delivered
2025-09-01,4,55.85,386.66,Delivered
2025-09-01,5,55.85,1327.1,Delivered
2025-09-02,1,55.35,600.65,Delivered
2025-09-02,2,55.35,1029.54,Delivered
2025-09-02,3,55.35,1048.63,Delivered
2025-09-02,4,55.35,503.85,Delivered
2025-09-02,5,55.35,1008.1,Delivered
2025-09-03,1,56.49,1382.75,Delivered
2025-09-03,2,56.49,745.69,Delivered
2025-09-03,3,56.49,1107.81,Delivered
2025-09-03,4,56.49,1260.06,Delivered
2025-09-03,5,56.49,319.03,Delivered
2025-09-04,1,55.01,1034.92,Delivered
2025-09-04,2,55.01,592.79,Delivered
2025-09-04,3,55.01,1330.75,Delivered
2025-09-04,4,55.01,1080.72,Delivered
2025-09-04,5,55.01,857.33,Delivered
2025-09-05,1,54.95,1573.13,Delivered
2025-09-05,2,54.95,770.32,Delivered
2025-09-05,3,54.95,693.05,Delivered
2025-09-05,4,54.95,812.97,Delivered
2025-09-05,5,54.95,743.71,Delivered
2025-09-06,1,55.43,288.95,Delivered
2025-09-06,2,55.43,1149.8,Delivered
2025-09-06,3,55.43,973.17,Delivered
2025-09-06,4,55.43,880.06,Delivered
2025-09-06,5,55.43,1095.04,Delivered
2025-09-07,1,56.6,1469.3,Delivered
2025-09-07,2,56.6,1118.07,Delivered
2025-09-07,3,56.6,656.53,Delivered
2025-09-07,4,56.6,519.62,Delivered
2025-09-07,5,56.6,1662.36,Delivered
2025-09-08,1,55.45,714.16,Delivered
2025-09-08,2,55.45,1415.11,Delivered
2025-09-08,3,55.45,385.1,Delivered
2025-09-08,4,55.45,369.64,Delivered
2025-09-08,5,55.45,830.1,Delivered
2025-09-09,1,54.99,1236.72,Delivered
2025-09-09,2,54.99,1257.88,Delivered
2025-09-09,3,54.99,497.44,Delivered
2025-09-09,4,54.99,319.85,Delivered
2025-09-09,5,54.99,1240.94,Delivered
2025-09-10,1,55.12,1218.47,Delivered
2025-09-10,2,55.12,1043.45,Delivered
2025-09-10,3,55.12,473.82,Delivered
2025-09-10,4,55.12,314.18,Delivered
2025-09-10,5,55.12,332.01,Delivered
2025-09-11,1,54.73,417.71,Delivered
2025-09-11,2,54.73,768.85,Delivered
2025-09-11,3,54.73,625.72,Delivered
2025-09-11,4,54.73,1638.21,Delivered
2025-09-11,5,54.73,1308.19,Delivered
2025-09-12,1,55.2,1107.17,Delivered
2025-09-12,2,55.2,325.13,Delivered
2025-09-12,3,55.2,505.39,Delivered
2025-09-12,4,55.2,648.66,Delivered
2025-09-12,5,55.2,637.4,Delivered
2025-09-13,1,56.33,774.31,Delivered
2025-09-13,2,56.33,1508.69,Delivered
2025-09-13,3,56.33,1419.71,Delivered
2025-09-13,4,56.33,579.93,Delivered
2025-09-13,5,56.33,1094.4,Delivered
2025-09-14,1,55.45,1337.24,Delivered
2025-09-14,2,55.45,662.58,Delivered
2025-09-14,3,55.45,913.32,Delivered
2025-09-14,4,55.45,713.73,Delivered
2025-09-14,5,55.45,1346.3,Delivered
2025-09-15,1,56.5,1283.89,Delivered
2025-09-15,2,56.5,480.26,Delivered
2025-09-15,3,56.5,294.5,Delivered
2025-09-15,4,56.5,521.46,Delivered
2025-09-15,5,56.5,1633.13,Delivered
2025-09-16,1,55.83,757.25,Delivered
2025-09-16,2,55.83,441.1,Delivered
2025-09-16,3,55.83,1429.76,Delivered
2025-09-16,4,55.83,507.7,Delivered
2025-09-16,5,55.83,710.09,Delivered
2025-09-17,1,55.0,1138.32,Delivered
2025-09-17,2,55.0,1116.91,Delivered
2025-09-17,3,55.0,495.0,Delivered
2025-09-17,4,55.0,1044.25,Delivered
2025-09-17,5,55.0,1267.82,Delivered
2025-09-18,1,54.7,838.95,Delivered
2025-09-18,2,54.7,1278.06,Delivered
2025-09-18,3,54.7,579.85,Delivered
2025-09-18,4,54.7,1245.33,Delivered
2025-09-18,5,54.7,953.09,Delivered
2025-09-19,1,55.19,568.72,Delivered
2025-09-19,2,55.19,1429.17,Delivered
2025-09-19,3,55.19,1304.63,Delivered
2025-09-19,4,55.19,389.62,Delivered
2025-09-19,5,55.19,1166.62,Delivered
2025-09-20,1,55.48,868.89,Delivered
2025-09-20,2,55.48,1488.59,Delivered
2025-09-20,3,55.48,956.39,Delivered
2025-09-20,4,55.48,1082.28,Delivered
2025-09-20,5,55.48,465.31,Delivered
2025-09-21,1,56.37,1374.78,Delivered
2025-09-21,2,56.37,1252.38,Delivered
2025-09-21,3,56.37,617.68,Delivered
2025-09-21,4,56.37,311.06,Delivered
2025-09-21,5,56.37,1083.34,Delivered
2025-09-22,1,56.28,1624.62,Delivered
2025-09-22,2,56.28,745.5,Delivered
2025-09-22,3,56.28,1596.89,Delivered
2025-09-22,4,56.28,490.45,Delivered
2025-09-22,5,56.28,731.77,Delivered
2025-09-23,1,55.5,693.31,Delivered
2025-09-23,2,55.5,896.47,Delivered
2025-09-23,3,55.5,1012.54,Delivered
2025-09-23,4,55.5,1514.63,Delivered
2025-09-23,5,55.5,350.11,Delivered
2025-09-24,1,55.61,1066.43,Delivered
2025-09-24,2,55.61,566.62,Delivered
2025-09-24,3,55.61,289.3,Delivered
2025-09-24,4,55.61,1434.91,Delivered
2025-09-24,5,55.61,807.91,Delivered
2025-09-25,1,55.75,1672.13,Delivered
2025-09-25,2,55.75,1363.4,Delivered
2025-09-25,3,55.75,1063.71,Delivered
2025-09-25,4,55.75,1661.99,Delivered
2025-09-25,5,55.75,594.16,Delivered
2025-09-26,1,56.61,1259.23,Delivered
2025-09-26,2,56.61,1026.9,Delivered
2025-09-26,3,56.61,1285.73,Delivered
2025-09-26,4,56.61,1601.15,Delivered
2025-09-26,5,56.61,715.32,Delivered
2025-09-27,1,56.02,1451.0,Delivered
2025-09-27,2,56.02,1654.16,Delivered
2025-09-27,3,56.02,447.96,Delivered
2025-09-27,4,56.02,1295.22,Delivered
2025-09-27,5,56.02,602.47,Delivered
2025-09-28,1,56.18,1025.86,Delivered
2025-09-28,2,56.18,492.29,Delivered
2025-09-28,3,56.18,916.38,Delivered
2025-09-28,4,56.18,1362.2,Delivered
2025-09-28,5,56.18,806.77,Delivered
2025-09-29,1,56.09,1180.89,Delivered
2025-09-29,2,56.09,986.8,Delivered
2025-09-29,3,56.09,835.59,Delivered
2025-09-29,4,56.09,940.11,Delivered
2025-09-29,5,56.09,626.43,Delivered
2025-09-30,1,55.33,440.43,Delivered
2025-09-30,2,55.33,1273.36,Delivered
2025-09-30,3,55.33,1536.7,Delivered
2025-09-30,4,55.33,1148.43,Delivered
2025-09-30,5,55.33,377.43,Delivered
2025-10-01,1,56.04,811.79,Delivered
2025-10-01,2,56.04,385.63,Delivered
2025-10-01,3,56.04,1401.52,Delivered
2025-10-01,4,56.04,1028.77,Delivered
2025-10-01,5,56.04,382.94,Delivered
2025-10-02,1,55.68,610.1,Delivered
2025-10-02,2,55.68,1408.15,Delivered
2025-10-02,3,55.68,1219.45,Delivered
2025-10-02,4,55.68,871.58,Delivered
2025-10-02,5,55.68,970.22,Delivered
2025-10-03,1,56.59,412.01,Delivered
2025-10-03,2,56.59,1431.07,Delivered
2025-10-03,3,56.59,1212.16,Delivered
2025-10-03,4,56.59,451.22,Delivered
2025-10-03,5,56.59,1441.09,Delivered
2025-10-04,1,54.82,939.52,Delivered
2025-10-04,2,54.82,1183.46,Delivered
2025-10-04,3,54.82,1068.62,Delivered
2025-10-04,4,54.82,1476.45,Delivered
2025-10-04,5,54.82,857.93,Delivered
2025-10-05,1,56.63,886.16,Delivered
2025-10-05,2,56.63,1621.98,Delivered
2025-10-05,3,56.63,416.89,Delivered
2025-10-05,4,56.63,1155.61,Delivered
2025-10-05,5,56.63,792.45,Delivered
2025-10-06,1,55.02,1472.99,Delivered
2025-10-06,2,55.02,1082.85,Delivered
2025-10-06,3,55.02,509.93,Delivered
2025-10-06,4,55.02,829.56,Delivered
2025-10-06,5,55.02,1200.99,Delivered
2025-10-07,1,55.02,663.76,Delivered
2025-10-07,2,55.02,534.31,Delivered
2025-10-07,3,55.02,310.91,Delivered
2025-10-07,4,55.02,360.94,Delivered
2025-10-07,5,55.02,1014.13,Delivered
2025-10-08,1,55.8,1522.36,Delivered
2025-10-08,2,55.8,786.95,Delivered
2025-10-08,3,55.8,1163.63,Delivered
2025-10-08,4,55.8,1233.5,Delivered
2025-10-08,5,55.8,1600.57,Delivered
2025-10-09,1,55.87,598.85,Delivered
2025-10-09,2,55.87,814.21,Delivered
2025-10-09,3,55.87,320.33,Delivered
2025-10-09,4,55.87,1258.32,Delivered
2025-10-09,5,55.87,983.77,Delivered
2025-10-10,1,56.97,896.23,Delivered
2025-10-10,2,56.97,899.69,Delivered
2025-10-10,3,56.97,1537.92,Delivered
2025-10-10,4,56.97,1219.03,Delivered
2025-10-10,5,56.97,1589.51,Delivered
2025-10-11,1,55.04,1334.8,Delivered
2025-10-11,2,55.04,1529.24,Delivered
2025-10-11,3,55.04,1560.39,Delivered
2025-10-11,4,55.04,1287.8,Delivered
2025-10-11,5,55.04,878.83,Delivered
2025-10-12,1,56.25,645.61,Delivered
2025-10-12,2,56.25,1521.67,Delivered
2025-10-12,3,56.25,885.06,Delivered
2025-10-12,4,56.25,329.25,Delivered
2025-10-12,5,56.25,1031.82,Delivered
2025-10-13,1,56.18,769.63,Delivered
2025-10-13,2,56.18,515.2,Delivered
2025-10-13,3,56.18,1682.86,Delivered
2025-10-13,4,56.18,662.43,Delivered
2025-10-13,5,56.18,1664.46,Delivered
2025-10-14,1,56.99,973.5,Delivered
2025-10-14,2,56.99,555.55,Delivered
2025-10-14,3,56.99,336.5,Delivered
2025-10-14,4,56.99,740.21,Delivered
2025-10-14,5,56.99,464.77,Delivered
2025-10-15,1,56.64,1374.62,Delivered
2025-10-15,2,56.64,1695.0,Delivered
2025-10-15,3,56.64,1461.3,Delivered
2025-10-15,4,56.64,970.79,Delivered
2025-10-15,5,56.64,732.13,Delivered
2025-10-16,1,55.65,1169.22,Delivered
2025-10-16,2,55.65,711.37,Delivered
2025-10-16,3,55.65,555.78,Delivered
2025-10-16,4,55.65,1032.79,Delivered
2025-10-16,5,55.65,423.73,Delivered
2025-10-17,1,57.17,1427.57,Delivered
2025-10-17,2,57.17,1291.66,Delivered
2025-10-17,3,57.17,1492.96,Delivered
2025-10-17,4,57.17,932.84,Delivered
2025-10-17,5,57.17,1296.08,Delivered
2025-10-18,1,56.23,1279.18,Delivered
2025-10-18,2,56.23,799.01,Delivered
2025-10-18,3,56.23,1588.88,Delivered
2025-10-18,4,56.23,1225.2,Delivered
2025-10-18,5,56.23,476.35,Delivered
2025-10-19,1,55.79,293.73,Delivered
2025-10-19,2,55.79,1572.36,Delivered
2025-10-19,3,55.79,1337.94,Delivered
2025-10-19,4,55.79,867.31,Delivered
2025-10-19,5,55.79,632.46,Delivered
2025-10-20,1,55.67,799.78,Delivered
2025-10-20,2,55.67,767.07,Delivered
2025-10-20,3,55.67,829.38,Delivered
2025-10-20,4,55.67,1121.31,Delivered
2025-10-20,5,55.67,705.6,Delivered
2025-10-21,1,55.61,1388.07,Delivered
2025-10-21,2,55.61,1485.26,Delivered
2025-10-21,3,55.61,926.44,Delivered
2025-10-21,4,55.61,687.32,Delivered
2025-10-21,5,55.61,1570.49,Delivered
2025-10-22,1,56.11,711.55,Delivered
2025-10-22,2,56.11,1176.08,Delivered
2025-10-22,3,56.11,1573.06,Delivered
2025-10-22,4,56.11,1635.78,Delivered
2025-10-22,5,56.11,497.81,Delivered
2025-10-23,1,56.47,1334.81,Delivered
2025-10-23,2,56.47,429.04,Delivered
2025-10-23,3,56.47,1314.23,Delivered
2025-10-23,4,56.47,1268.97,Delivered
2025-10-23,5,56.47,291.58,Delivered
2025-10-24,1,55.82,1606.55,Delivered
2025-10-24,2,55.82,1197.01,Delivered
2025-10-24,3,55.82,910.73,Delivered
2025-10-24,4,55.82,929.53,Delivered
2025-10-24,5,55.82,1102.39,Delivered
2025-10-25,1,56.89,801.51,Delivered
2025-10-25,2,56.89,1392.44,Delivered
2025-10-25,3,56.89,639.76,Delivered
2025-10-25,4,56.89,1180.92,Delivered
2025-10-25,5,56.89,1611.63,Delivered
2025-10-26,1,56.03,954.54,Delivered
2025-10-26,2,56.03,737.51,Delivered
2025-10-26,3,56.03,1357.91,Delivered
2025-10-26,4,56.03,1135.42,Delivered
2025-10-26,5,56.03,1252.32,Delivered
2025-10-27,1,57.09,1671.17,Delivered
2025-10-27,2,57.09,1510.19,Delivered
2025-10-27,3,57.09,626.59,Delivered
2025-10-27,4,57.09,310.88,Delivered
2025-10-27,5,57.09,738.46,Delivered
2025-10-28,1,57.58,1036.28,Delivered
2025-10-28,2,57.58,1526.24,Delivered
2025-10-28,3,57.58,898.67,Delivered
2025-10-28,4,57.58,872.35,Delivered
2025-10-28,5,57.58,1019.36,Delivered
2025-10-29,1,55.83,736.98,Delivered
2025-10-29,2,55.83,512.54,Delivered
2025-10-29,3,55.83,1467.66,Delivered
2025-10-29,4,55.83,377.5,Delivered
2025-10-29,5,55.83,900.28,Delivered
2025-10-30,1,56.06,900.01,Delivered
2025-10-30,2,56.06,551.49,Delivered
2025-10-30,3,56.06,712.13,Delivered
2025-10-30,4,56.06,969.67,Delivered
2025-10-30,5,56.06,1592.28,Delivered
2025-10-31,1,56.63,632.0,Delivered
2025-10-31,2,56.63,547.48,Delivered
2025-10-31,3,56.63,640.34,Delivered
2025-10-31,4,56.63,636.75,Delivered
2025-10-31,5,56.63,1627.77,Delivered
2025-11-01,1,56.3,1124.29,Delivered
2025-11-01,2,56.3,367.69,Delivered
2025-11-01,3,56.3,1583.99,Delivered
2025-11-01,4,56.3,1679.98,Delivered
2025-11-01,5,56.3,706.59,Delivered
2025-11-02,1,56.09,1308.64,Delivered
2025-11-02,2,56.09,1020.74,Delivered
2025-11-02,3,56.09,731.21,Delivered
2025-11-02,4,56.09,517.35,Delivered
2025-11-02,5,56.09,408.05,Delivered
2025-11-03,1,56.46,1289.64,Delivered
2025-11-03,2,56.46,1488.72,Delivered
2025-11-03,3,56.46,966.67,Delivered
2025-11-03,4,56.46,1415.54,Delivered
2025-11-03,5,56.46,1573.0,Delivered
2025-11-04,1,56.76,488.32,Delivered
2025-11-04,2,56.76,1322.63,Delivered
2025-11-04,3,56.76,1185.41,Delivered
2025-11-04,4,56.76,914.79,Delivered
2025-11-04,5,56.76,1100.26,Delivered
2025-11-05,1,56.23,1372.15,Delivered
2025-11-05,2,56.23,1280.79,Delivered
2025-11-05,3,56.23,951.81,Delivered
2025-11-05,4,56.23,1329.18,Delivered
2025-11-05,5,56.23,1350.77,Delivered
2025-11-06,1,56.21,1140.25,Delivered
2025-11-06,2,56.21,1594.17,Delivered
2025-11-06,3,56.21,846.27,Delivered
2025-11-06,4,56.21,1160.12,Delivered
2025-11-06,5,56.21,1427.22,Delivered
2025-11-07,1,55.98,1162.16,Delivered
2025-11-07,2,55.98,1273.06,Delivered
2025-11-07,3,55.98,859.81,Delivered
2025-11-07,4,55.98,835.35,Delivered
2025-11-07,5,55.98,416.12,Delivered
2025-11-08,1,57.07,879.81,Delivered
2025-11-08,2,57.07,913.13,Delivered
2025-11-08,3,57.07,891.91,Delivered
2025-11-08,4,57.07,1037.72,Delivered
2025-11-08,5,57.07,614.13,Delivered
2025-11-09,1,56.7,656.05,Delivered
2025-11-09,2,56.7,498.26,Delivered
2025-11-09,3,56.7,1664.02,Delivered
2025-11-09,4,56.7,1127.63,Delivered
2025-11-09,5,56.7,449.86,Delivered
2025-11-10,1,56.24,1453.29,Delivered
2025-11-10,2,56.24,464.53,Delivered
2025-11-10,3,56.24,896.0,Delivered
2025-11-10,4,56.24,1396.77,Delivered
2025-11-10,5,56.24,686.7,Delivered
2025-11-11,1,56.64,1396.68,Delivered
2025-11-11,2,56.64,649.49,Delivered
2025-11-11,3,56.64,1179.38,Delivered
2025-11-11,4,56.64,1688.07,Delivered
2025-11-11,5,56.64,686.72,Delivered
2025-11-12,1,56.6,1362.73,Delivered
2025-11-12,2,56.6,498.54,Delivered
2025-11-12,3,56.6,1321.56,Delivered
2025-11-12,4,56.6,1382.61,Delivered
2025-11-12,5,56.6,588.34,Delivered
2025-11-13,1,56.02,1322.84,Delivered
2025-11-13,2,56.02,1422.76,Delivered
2025-11-13,3,56.02,394.51,Delivered
2025-11-13,4,56.02,461.5,Delivered
2025-11-13,5,56.02,1509.76,Delivered
2025-11-14,1,56.3,1033.32,Delivered
2025-11-14,2,56.3,1035.17,Delivered
2025-11-14,3,56.3,1297.12,Delivered
2025-11-14,4,56.3,676.38,Delivered
2025-11-14,5,56.3,1616.69,Delivered
2025-11-15,1,56.94,472.8,Delivered
2025-11-15,2,56.94,1089.58,Delivered
2025-11-15,3,56.94,1282.22,Delivered
2025-11-15,4,56.94,456.45,Delivered
2025-11-15,5,56.94,1132.54,Delivered
2025-11-16,1,56.12,1146.73,Delivered
2025-11-16,2,56.12,768.46,Delivered
2025-11-16,3,56.12,581.82,Delivered
2025-11-16,4,56.12,420.77,Delivered
2025-11-16,5,56.12,1076.33,Delivered
2025-11-17,1,57.03,1091.45,Delivered
2025-11-17,2,57.03,450.78,Delivered
2025-11-17,3,57.03,318.21,Delivered
2025-11-17,4,57.03,1407.17,Delivered
2025-11-17,5,57.03,1164.37,Delivered
2025-11-18,1,57.5,522.35,Delivered
2025-11-18,2,57.5,1425.73,Delivered
2025-11-18,3,57.5,928.53,Delivered
2025-11-18,4,57.5,606.7,Delivered
2025-11-18,5,57.5,1195.51,Delivered
2025-11-19,1,57.28,1134.06,Delivered
2025-11-19,2,57.28,1679.67,Delivered
2025-11-19,3,57.28,1331.07,Delivered
2025-11-19,4,57.28,745.52,Delivered
2025-11-19,5,57.28,1101.66,Delivered
2025-11-20,1,57.78,1088.14,Delivered
2025-11-20,2,57.78,312.6,Delivered
2025-11-20,3,57.78,739.01,Delivered
2025-11-20,4,57.78,1629.5,Delivered
2025-11-20,5,57.78,894.56,Delivered
2025-11-21,1,56.93,322.96,Delivered
2025-11-21,2,56.93,1623.52,Delivered
2025-11-21,3,56.93,632.72,Delivered
2025-11-21,4,56.93,391.37,Delivered
2025-11-21,5,56.93,1447.07,Delivered
2025-11-22,1,56.83,1248.2,Delivered
2025-11-22,2,56.83,341.08,Delivered
2025-11-22,3,56.83,1665.95,Delivered
2025-11-22,4,56.83,938.05,Delivered
2025-11-22,5,56.83,589.04,Delivered
2025-11-23,1,57.7,584.08,Delivered
2025-11-23,2,57.7,1143.41,Delivered
2025-11-23,3,57.7,1038.35,Delivered
2025-11-23,4,57.7,374.45,Delivered
2025-11-23,5,57.7,1452.81,Delivered
2025-11-24,1,56.65,361.25,Delivered
2025-11-24,2,56.65,1541.47,Delivered
2025-11-24,3,56.65,1695.14,Delivered
2025-11-24,4,56.65,900.67,Delivered
2025-11-24,5,56.65,1385.96,Delivered
2025-11-25,1,57.52,531.21,Delivered
2025-11-25,2,57.52,947.7,Delivered
2025-11-25,3,57.52,1295.99,Delivered
2025-11-25,4,57.52,596.51,Delivered
2025-11-25,5,57.52,1077.78,Delivered
2025-11-26,1,58.02,421.47,Delivered
2025-11-26,2,58.02,1021.62,Delivered
2025-11-26,3,58.02,1246.21,Delivered
2025-11-26,4,58.02,1092.23,Delivered
2025-11-26,5,58.02,933.5,Delivered
2025-11-27,1,57.36,611.55,Delivered
2025-11-27,2,57.36,1507.59,Delivered
2025-11-27,3,57.36,1400.45,Delivered
2025-11-27,4,57.36,872.33,Delivered
2025-11-27,5,57.36,716.9,Delivered
2025-11-28,1,57.27,1519.53,Delivered
2025-11-28,2,57.27,843.28,Delivered
2025-11-28,3,57.27,1048.71,Delivered
2025-11-28,4,57.27,1451.64,Delivered
2025-11-28,5,57.27,798.4,Delivered
2025-11-29,1,56.57,1351.01,Delivered
2025-11-29,2,56.57,1612.24,Delivered
2025-11-29,3,56.57,357.81,Delivered
2025-11-29,4,56.57,1051.7,Delivered
2025-11-29,5,56.57,1197.58,Delivered
2025-11-30,1,56.21,1147.86,Delivered
2025-11-30,2,56.21,362.44,Delivered
2025-11-30,3,56.21,841.73,Delivered
2025-11-30,4,56.21,1573.53,Delivered
2025-11-30,5,56.21,365.62,Delivered
2025-12-01,1,56.47,1474.41,Delivered
2025-12-01,2,56.47,381.32,Delivered
2025-12-01,3,56.47,826.53,Delivered
2025-12-01,4,56.47,1674.8,Delivered
2025-12-01,5,56.47,945.76,Delivered
2025-12-02,1,56.63,356.69,Delivered
2025-12-02,2,56.63,982.53,Delivered
2025-12-02,3,56.63,1349.35,Delivered
2025-12-02,4,56.63,1344.53,Delivered
2025-12-02,5,56.63,285.13,Delivered
2025-12-03,1,57.65,676.98,Delivered
2025-12-03,2,57.65,1375.47,Delivered
2025-12-03,3,57.65,514.18,Delivered
2025-12-03,4,57.65,1013.77,Delivered
2025-12-03,5,57.65,1436.68,Delivered
2025-12-04,1,56.57,1681.25,Delivered
2025-12-04,2,56.57,569.73,Delivered
2025-12-04,3,56.57,1369.55,Delivered
2025-12-04,4,56.57,638.87,Delivered
2025-12-04,5,56.57,815.53,Delivered
2025-12-05,1,57.15,896.4,Delivered
2025-12-05,2,57.15,1405.46,Delivered
2025-12-05,3,57.15,1508.36,Delivered
2025-12-05,4,57.15,1594.04,Delivered
2025-12-05,5,57.15,1437.84,Delivered
2025-12-06,1,56.74,313.57,Delivered
2025-12-06,2,56.74,711.77,Delivered
2025-12-06,3,56.74,1311.09,Delivered
2025-12-06,4,56.74,487.53,Delivered
2025-12-06,5,56.74,808.96,Delivered
2025-12-07,1,57.53,1535.59,Delivered
2025-12-07,2,57.53,1555.58,Delivered
2025-12-07,3,57.53,1447.96,Delivered
2025-12-07,4,57.53,849.33,Delivered
2025-12-07,5,57.53,1515.28,Delivered
2025-12-08,1,56.65,1487.64,Delivered
2025-12-08,2,56.65,586.47,Delivered
2025-12-08,3,56.65,824.02,Delivered
2025-12-08,4,56.65,1560.63,Delivered
2025-12-08,5,56.65,945.69,Delivered
2025-12-09,1,57.66,656.37,Delivered
2025-12-09,2,57.66,506.69,Delivered
2025-12-09,3,57.66,595.85,Delivered
2025-12-09,4,57.66,890.29,Delivered
2025-12-09,5,57.66,1373.85,Delivered
2025-12-10,1,57.31,1160.56,Delivered
2025-12-10,2,57.31,543.53,Delivered
2025-12-10,3,57.31,1155.05,Delivered
2025-12-10,4,57.31,982.64,Delivered
2025-12-10,5,57.31,369.05,Delivered
2025-12-11,1,56.1,1182.17,Delivered
2025-12-11,2,56.1,1660.51,Delivered
2025-12-11,3,56.1,1253.6,Delivered
2025-12-11,4,56.1,682.45,Delivered
2025-12-11,5,56.1,789.15,Delivered
2025-12-12,1,57.15,1093.56,Delivered
2025-12-12,2,57.15,779.79,Delivered
2025-12-12,3,57.15,1222.76,Delivered
2025-12-12,4,57.15,1625.2,Delivered
2025-12-12,5,57.15,814.19,Delivered
2025-12-13,1,56.48,1202.65,Delivered
2025-12-13,2,56.48,881.36,Delivered
2025-12-13,3,56.48,926.08,Delivered
2025-12-13,4,56.48,892.2,Delivered
2025-12-13,5,56.48,1187.63,Delivered
2025-12-14,1,56.68,1650.73,Delivered
2025-12-14,2,56.68,694.47,Delivered
2025-12-14,3,56.68,1580.59,Delivered
2025-12-14,4,56.68,603.23,Delivered
2025-12-14,5,56.68,848.66,Delivered
2025-12-15,1,57.85,1631.47,Delivered
2025-12-15,2,57.85,708.57,Delivered
2025-12-15,3,57.85,992.1,Delivered
2025-12-15,4,57.85,1378.34,Delivered
2025-12-15,5,57.85,1057.35,Delivered
2025-12-16,1,57.96,948.55,Delivered
2025-12-16,2,57.96,599.63,Delivered
2025-12-16,3,57.96,756.88,Delivered
2025-12-16,4,57.96,444.92,Delivered
2025-12-16,5,57.96,1522.17,Delivered
2025-12-17,1,56.32,1425.17,Delivered
2025-12-17,2,56.32,337.47,Delivered
2025-12-17,3,56.32,1596.86,Delivered
2025-12-17,4,56.32,761.27,Delivered
2025-12-17,5,56.32,1545.17,Delivered
2025-12-18,1,56.81,1387.9,Delivered
2025-12-18,2,56.81,434.69,Delivered
2025-12-18,3,56.81,1167.25,Delivered
2025-12-18,4,56.81,709.94,Delivered
2025-12-18,5,56.81,601.43,Delivered
2025-12-19,1,57.83,890.14,Delivered
2025-12-19,2,57.83,902.73,Delivered
2025-12-19,3,57.83,1358.62,Delivered
2025-12-19,4,57.83,354.07,Delivered
2025-12-19,5,57.83,1168.43,Delivered
2025-12-20,1,56.54,1031.35,Delivered
2025-12-20,2,56.54,530.42,Delivered
2025-12-20,3,56.54,1097.0,Delivered
2025-12-20,4,56.54,482.29,Delivered
2025-12-20,5,56.54,1587.75,Delivered
2025-12-21,1,57.76,480.33,Delivered
2025-12-21,2,57.76,1308.49,Delivered
2025-12-21,3,57.76,848.39,Delivered
2025-12-21,4,57.76,654.09,Delivered
2025-12-21,5,57.76,1644.18,Delivered
2025-12-22,1,56.44,1487.6,Delivered
2025-12-22,2,56.44,774.66,Delivered
2025-12-22,3,56.44,1098.31,Delivered
2025-12-22,4,56.44,1609.89,Delivered
2025-12-22,5,56.44,1528.53,Delivered
2025-12-23,1,57.6,1603.05,Delivered
2025-12-23,2,57.6,1493.75,Delivered
2025-12-23,3,57.6,569.56,Delivered
2025-12-23,4,57.6,618.13,Delivered
2025-12-23,5,57.6,1063.54,Delivered
2025-12-24,1,57.63,605.3,Delivered
2025-12-24,2,57.63,1407.38,Delivered
2025-12-24,3,57.63,317.14,Delivered
2025-12-24,4,57.63,651.18,Delivered
2025-12-24,5,57.63,1369.37,Delivered
2025-12-25,1,57.67,708.72,Delivered
2025-12-25,2,57.67,772.01,Delivered
2025-12-25,3,57.67,996.91,Delivered
2025-12-25,4,57.67,853.97,Delivered
2025-12-25,5,57.67,1425.37,Delivered
2025-12-26,1,57.42,929.94,Delivered
2025-12-26,2,57.42,947.48,Delivered
2025-12-26,3,57.42,1078.09,Delivered
2025-12-26,4,57.42,1116.53,Delivered
2025-12-26,5,57.42,1009.3,Delivered
2025-12-27,1,57.37,1151.4,Delivered
2025-12-27,2,57.37,1588.51,Delivered
2025-12-27,3,57.37,673.33,Delivered
2025-12-27,4,57.37,1314.35,Delivered
2025-12-27,5,57.37,917.27,Delivered
2025-12-28,1,55.78,759.85,Delivered
2025-12-28,2,55.78,813.99,Delivered
2025-12-28,3,55.78,850.79,Delivered
2025-12-28,4,55.78,1641.26,Delivered
2025-12-28,5,55.78,416.83,Delivered
2025-12-29,1,57.2,1103.4,Delivered
2025-12-29,2,57.2,967.15,Delivered
2025-12-29,3,57.2,1540.93,Delivered
2025-12-29,4,57.2,344.24,Delivered
2025-12-29,5,57.2,572.98,Delivered
2025-12-30,1,57.98,1688.55,Delivered
2025-12-30,2,57.98,1433.29,Delivered
2025-12-30,3,57.98,656.92,Delivered
2025-12-30,4,57.98,1522.87,Delivered
2025-12-30,5,57.98,618.81,Delivered
2025-12-31,1,57.19,477.97,Delivered
2025-12-31,2,57.19,560.68,Delivered
2025-12-31,3,57.19,757.16,Delivered
2025-12-31,4,57.19,1531.88,Delivered
2025-12-31,5,57.19,799.62,Delivered
2026-01-01,1,56.53,1412.35,Delivered
2026-01-01,2,56.53,1208.67,Delivered
2026-01-01,3,56.53,765.36,Delivered
2026-01-01,4,56.53,1277.25,Delivered
2026-01-01,5,56.53,1091.78,Delivered
